
DROP DATABASE IF EXISTS example_joins;
CREATE DATABASE example_joins;
\c example_joins;

CREATE TABLE companies (
  id integer PRIMARY KEY,
  name varchar(40)
);

CREATE TABLE addresses (
  id integer PRIMARY KEY,
  name varchar(255),
  company_id integer REFERENCES companies (id)
);

CREATE TABLE projects (
  id integer PRIMARY KEY,
  name varchar(255),
  company_id integer REFERENCES companies (id)
);

CREATE TABLE posts (
  id integer PRIMARY KEY,
  title varchar(255),
  project_id integer REFERENCES projects (id)
);

CREATE TABLE comments (
  id integer PRIMARY KEY,
  message text,
  post_id integer REFERENCES posts (id)
);

-- company
insert into "companies" ("id", "name") values (1, 'Company 1');
insert into "companies" ("id", "name") values (2, 'Company 2');
insert into "companies" ("id", "name") values (3, 'Company 3');
insert into "companies" ("id", "name") values (4, 'Company 4');
insert into "companies" ("id", "name") values (5, 'Company 5');

-- address
insert into "addresses" ("company_id", "id", "name") values (1, 1, 'Address Bar');
insert into "addresses" ("company_id", "id", "name") values (1, 2, 'Address Baz');
insert into "addresses" ("company_id", "id", "name") values (2, 4, 'Address Bar');
insert into "addresses" ("company_id", "id", "name") values (2, 5, 'Address Baz');
insert into "addresses" ("company_id", "id", "name") values (2, 6, 'Address Foo');
insert into "addresses" ("company_id", "id", "name") values (3, 7, 'Address Bar');
insert into "addresses" ("company_id", "id", "name") values (3, 8, 'Address Baz');
insert into "addresses" ("company_id", "id", "name") values (3, 9, 'Address Foo');
insert into "addresses" ("company_id", "id", "name") values (3, 10, 'Address Bar');
insert into "addresses" ("company_id", "id", "name") values (4, 11, 'Address Bar');
insert into "addresses" ("company_id", "id", "name") values (4, 12, 'Address Baz');
insert into "addresses" ("company_id", "id", "name") values (4, 14, 'Address Bar');
insert into "addresses" ("company_id", "id", "name") values (4, 15, 'Address Baz');
insert into "addresses" ("company_id", "id", "name") values (5, 16, 'Address Bar');
insert into "addresses" ("company_id", "id", "name") values (5, 17, 'Address Baz');
insert into "addresses" ("company_id", "id", "name") values (5, 18, 'Address Foo');

-- project
insert into "projects" ("company_id", "id", "name") values (1, 1, 'Project 1/1');
insert into "projects" ("company_id", "id", "name") values (1, 2, 'Project 1/2');
insert into "projects" ("company_id", "id", "name") values (1, 3, 'Project 1/3');
insert into "projects" ("company_id", "id", "name") values (2, 4, 'Project 2/1');
insert into "projects" ("company_id", "id", "name") values (2, 5, 'Project 2/2');
insert into "projects" ("company_id", "id", "name") values (2, 6, 'Project 2/3');
insert into "projects" ("company_id", "id", "name") values (3, 7, 'Project 3/1');
insert into "projects" ("company_id", "id", "name") values (3, 8, 'Project 3/2');
insert into "projects" ("company_id", "id", "name") values (3, 9, 'Project 3/3');
insert into "projects" ("company_id", "id", "name") values (4, 10, 'Project 4/1');
insert into "projects" ("company_id", "id", "name") values (4, 11, 'Project 4/2');
insert into "projects" ("company_id", "id", "name") values (4, 12, 'Project 4/3');
insert into "projects" ("company_id", "id", "name") values (5, 13, 'Project 5/1');
insert into "projects" ("company_id", "id", "name") values (5, 14, 'Project 5/2');
insert into "projects" ("company_id", "id", "name") values (5, 15, 'Project 5/3');
insert into "projects" ("company_id", "id", "name") values (5, 16, 'Project 5/4');
insert into "projects" ("company_id", "id", "name") values (5, 17, 'Project 5/5');

-- post
insert into "posts" ("id", "project_id", "title") values (1, 1, 'Post 1/1/1');
insert into "posts" ("id", "project_id", "title") values (2, 1, 'Post 1/1/2');
insert into "posts" ("id", "project_id", "title") values (3, 1, 'Post 1/1/3');
insert into "posts" ("id", "project_id", "title") values (4, 1, 'Post 1/1/4');
insert into "posts" ("id", "project_id", "title") values (5, 1, 'Post 1/1/5');
insert into "posts" ("id", "project_id", "title") values (6, 2, 'Post 1/2/1');
insert into "posts" ("id", "project_id", "title") values (7, 2, 'Post 1/2/2');
insert into "posts" ("id", "project_id", "title") values (8, 2, 'Post 1/2/3');
insert into "posts" ("id", "project_id", "title") values (9, 2, 'Post 1/2/4');
insert into "posts" ("id", "project_id", "title") values (10, 3, 'Post 1/3/1');
insert into "posts" ("id", "project_id", "title") values (11, 3, 'Post 1/3/2');
insert into "posts" ("id", "project_id", "title") values (12, 3, 'Post 1/3/3');
insert into "posts" ("id", "project_id", "title") values (13, 3, 'Post 1/3/4');
insert into "posts" ("id", "project_id", "title") values (14, 4, 'Post 2/1/1');
insert into "posts" ("id", "project_id", "title") values (15, 4, 'Post 2/1/2');
insert into "posts" ("id", "project_id", "title") values (16, 4, 'Post 2/1/3');
insert into "posts" ("id", "project_id", "title") values (17, 4, 'Post 2/1/4');
insert into "posts" ("id", "project_id", "title") values (18, 4, 'Post 2/1/5');
insert into "posts" ("id", "project_id", "title") values (19, 4, 'Post 2/1/6');
insert into "posts" ("id", "project_id", "title") values (20, 5, 'Post 2/2/1');
insert into "posts" ("id", "project_id", "title") values (21, 5, 'Post 2/2/2');
insert into "posts" ("id", "project_id", "title") values (22, 5, 'Post 2/2/3');
insert into "posts" ("id", "project_id", "title") values (23, 5, 'Post 2/2/4');
insert into "posts" ("id", "project_id", "title") values (24, 6, 'Post 2/3/1');
insert into "posts" ("id", "project_id", "title") values (25, 6, 'Post 2/3/2');
insert into "posts" ("id", "project_id", "title") values (26, 6, 'Post 2/3/3');
insert into "posts" ("id", "project_id", "title") values (27, 7, 'Post 3/1/1');
insert into "posts" ("id", "project_id", "title") values (28, 7, 'Post 3/1/2');
insert into "posts" ("id", "project_id", "title") values (29, 7, 'Post 3/1/3');
insert into "posts" ("id", "project_id", "title") values (30, 7, 'Post 3/1/4');
insert into "posts" ("id", "project_id", "title") values (31, 7, 'Post 3/1/5');
insert into "posts" ("id", "project_id", "title") values (32, 8, 'Post 3/2/1');
insert into "posts" ("id", "project_id", "title") values (33, 8, 'Post 3/2/2');
insert into "posts" ("id", "project_id", "title") values (34, 8, 'Post 3/2/3');
insert into "posts" ("id", "project_id", "title") values (35, 9, 'Post 3/3/1');
insert into "posts" ("id", "project_id", "title") values (36, 9, 'Post 3/3/2');
insert into "posts" ("id", "project_id", "title") values (37, 9, 'Post 3/3/3');
insert into "posts" ("id", "project_id", "title") values (38, 9, 'Post 3/3/4');
insert into "posts" ("id", "project_id", "title") values (39, 9, 'Post 3/3/5');
insert into "posts" ("id", "project_id", "title") values (40, 9, 'Post 3/3/6');
insert into "posts" ("id", "project_id", "title") values (41, 10, 'Post 4/1/1');
insert into "posts" ("id", "project_id", "title") values (42, 10, 'Post 4/1/2');
insert into "posts" ("id", "project_id", "title") values (43, 10, 'Post 4/1/3');
insert into "posts" ("id", "project_id", "title") values (44, 11, 'Post 4/2/1');
insert into "posts" ("id", "project_id", "title") values (45, 11, 'Post 4/2/2');
insert into "posts" ("id", "project_id", "title") values (46, 11, 'Post 4/2/3');
insert into "posts" ("id", "project_id", "title") values (47, 12, 'Post 4/3/1');
insert into "posts" ("id", "project_id", "title") values (48, 12, 'Post 4/3/2');
insert into "posts" ("id", "project_id", "title") values (49, 12, 'Post 4/3/3');
insert into "posts" ("id", "project_id", "title") values (50, 12, 'Post 4/3/4');
insert into "posts" ("id", "project_id", "title") values (51, 13, 'Post 5/1/1');
insert into "posts" ("id", "project_id", "title") values (52, 13, 'Post 5/1/2');
insert into "posts" ("id", "project_id", "title") values (53, 14, 'Post 5/2/1');
insert into "posts" ("id", "project_id", "title") values (54, 14, 'Post 5/2/2');
insert into "posts" ("id", "project_id", "title") values (55, 14, 'Post 5/2/3');
insert into "posts" ("id", "project_id", "title") values (56, 14, 'Post 5/2/4');
insert into "posts" ("id", "project_id", "title") values (57, 14, 'Post 5/2/5');
insert into "posts" ("id", "project_id", "title") values (58, 14, 'Post 5/2/6');
insert into "posts" ("id", "project_id", "title") values (59, 14, 'Post 5/2/7');
insert into "posts" ("id", "project_id", "title") values (60, 15, 'Post 5/3/1');
insert into "posts" ("id", "project_id", "title") values (61, 15, 'Post 5/3/2');
insert into "posts" ("id", "project_id", "title") values (62, 15, 'Post 5/3/3');
insert into "posts" ("id", "project_id", "title") values (63, 15, 'Post 5/3/4');
insert into "posts" ("id", "project_id", "title") values (64, 15, 'Post 5/3/5');
insert into "posts" ("id", "project_id", "title") values (65, 15, 'Post 5/3/6');
insert into "posts" ("id", "project_id", "title") values (66, 15, 'Post 5/3/7');
insert into "posts" ("id", "project_id", "title") values (67, 16, 'Post 5/4/1');
insert into "posts" ("id", "project_id", "title") values (68, 16, 'Post 5/4/2');
insert into "posts" ("id", "project_id", "title") values (69, 17, 'Post 5/5/1');
insert into "posts" ("id", "project_id", "title") values (70, 17, 'Post 5/5/2');
insert into "posts" ("id", "project_id", "title") values (71, 17, 'Post 5/5/3');

-- comment
insert into "comments" ("id", "message", "post_id") values (1, 'Comment 1/1/1/1', 1);
insert into "comments" ("id", "message", "post_id") values (2, 'Comment 1/1/1/2', 1);
insert into "comments" ("id", "message", "post_id") values (3, 'Comment 1/1/1/3', 1);
insert into "comments" ("id", "message", "post_id") values (4, 'Comment 1/1/1/4', 1);
insert into "comments" ("id", "message", "post_id") values (5, 'Comment 1/1/1/5', 1);
insert into "comments" ("id", "message", "post_id") values (6, 'Comment 1/1/1/6', 1);
insert into "comments" ("id", "message", "post_id") values (7, 'Comment 1/1/2/1', 2);
insert into "comments" ("id", "message", "post_id") values (8, 'Comment 1/1/2/2', 2);
insert into "comments" ("id", "message", "post_id") values (9, 'Comment 1/1/2/3', 2);
insert into "comments" ("id", "message", "post_id") values (10, 'Comment 1/1/2/4', 2);
insert into "comments" ("id", "message", "post_id") values (11, 'Comment 1/1/2/5', 2);
insert into "comments" ("id", "message", "post_id") values (12, 'Comment 1/1/3/1', 3);
insert into "comments" ("id", "message", "post_id") values (13, 'Comment 1/1/3/2', 3);
insert into "comments" ("id", "message", "post_id") values (14, 'Comment 1/1/3/3', 3);
insert into "comments" ("id", "message", "post_id") values (15, 'Comment 1/1/3/4', 3);
insert into "comments" ("id", "message", "post_id") values (16, 'Comment 1/1/3/5', 3);
insert into "comments" ("id", "message", "post_id") values (17, 'Comment 1/1/4/1', 4);
insert into "comments" ("id", "message", "post_id") values (18, 'Comment 1/1/4/2', 4);
insert into "comments" ("id", "message", "post_id") values (19, 'Comment 1/1/4/3', 4);
insert into "comments" ("id", "message", "post_id") values (20, 'Comment 1/1/4/4', 4);
insert into "comments" ("id", "message", "post_id") values (21, 'Comment 1/1/4/5', 4);
insert into "comments" ("id", "message", "post_id") values (22, 'Comment 1/1/4/6', 4);
insert into "comments" ("id", "message", "post_id") values (23, 'Comment 1/1/4/7', 4);
insert into "comments" ("id", "message", "post_id") values (24, 'Comment 1/1/5/1', 5);
insert into "comments" ("id", "message", "post_id") values (25, 'Comment 1/1/5/2', 5);
insert into "comments" ("id", "message", "post_id") values (26, 'Comment 1/2/1/1', 6);
insert into "comments" ("id", "message", "post_id") values (27, 'Comment 1/2/1/2', 6);
insert into "comments" ("id", "message", "post_id") values (28, 'Comment 1/2/1/3', 6);
insert into "comments" ("id", "message", "post_id") values (29, 'Comment 1/2/1/4', 6);
insert into "comments" ("id", "message", "post_id") values (30, 'Comment 1/2/1/5', 6);
insert into "comments" ("id", "message", "post_id") values (31, 'Comment 1/2/1/6', 6);
insert into "comments" ("id", "message", "post_id") values (32, 'Comment 1/2/2/1', 7);
insert into "comments" ("id", "message", "post_id") values (33, 'Comment 1/2/2/2', 7);
insert into "comments" ("id", "message", "post_id") values (34, 'Comment 1/2/2/3', 7);
insert into "comments" ("id", "message", "post_id") values (35, 'Comment 1/2/3/1', 8);
insert into "comments" ("id", "message", "post_id") values (36, 'Comment 1/2/3/2', 8);
insert into "comments" ("id", "message", "post_id") values (37, 'Comment 1/2/3/3', 8);
insert into "comments" ("id", "message", "post_id") values (38, 'Comment 1/2/3/4', 8);
insert into "comments" ("id", "message", "post_id") values (39, 'Comment 1/2/3/5', 8);
insert into "comments" ("id", "message", "post_id") values (40, 'Comment 1/2/3/6', 8);
insert into "comments" ("id", "message", "post_id") values (41, 'Comment 1/2/3/7', 8);
insert into "comments" ("id", "message", "post_id") values (42, 'Comment 1/2/4/1', 9);
insert into "comments" ("id", "message", "post_id") values (43, 'Comment 1/2/4/2', 9);
insert into "comments" ("id", "message", "post_id") values (44, 'Comment 1/2/4/3', 9);
insert into "comments" ("id", "message", "post_id") values (45, 'Comment 1/2/4/4', 9);
insert into "comments" ("id", "message", "post_id") values (46, 'Comment 1/2/4/5', 9);
insert into "comments" ("id", "message", "post_id") values (47, 'Comment 1/2/4/6', 9);
insert into "comments" ("id", "message", "post_id") values (48, 'Comment 1/3/1/1', 10);
insert into "comments" ("id", "message", "post_id") values (49, 'Comment 1/3/1/2', 10);
insert into "comments" ("id", "message", "post_id") values (50, 'Comment 1/3/1/3', 10);
insert into "comments" ("id", "message", "post_id") values (51, 'Comment 1/3/2/1', 11);
insert into "comments" ("id", "message", "post_id") values (52, 'Comment 1/3/2/2', 11);
insert into "comments" ("id", "message", "post_id") values (53, 'Comment 1/3/2/3', 11);
insert into "comments" ("id", "message", "post_id") values (54, 'Comment 1/3/3/1', 12);
insert into "comments" ("id", "message", "post_id") values (55, 'Comment 1/3/3/2', 12);
insert into "comments" ("id", "message", "post_id") values (56, 'Comment 1/3/4/1', 13);
insert into "comments" ("id", "message", "post_id") values (57, 'Comment 1/3/4/2', 13);
insert into "comments" ("id", "message", "post_id") values (58, 'Comment 1/3/4/3', 13);
insert into "comments" ("id", "message", "post_id") values (59, 'Comment 1/3/4/4', 13);
insert into "comments" ("id", "message", "post_id") values (60, 'Comment 1/3/4/5', 13);
insert into "comments" ("id", "message", "post_id") values (61, 'Comment 1/3/4/6', 13);
insert into "comments" ("id", "message", "post_id") values (62, 'Comment 1/3/4/7', 13);
insert into "comments" ("id", "message", "post_id") values (63, 'Comment 2/1/1/1', 14);
insert into "comments" ("id", "message", "post_id") values (64, 'Comment 2/1/1/2', 14);
insert into "comments" ("id", "message", "post_id") values (65, 'Comment 2/1/2/1', 15);
insert into "comments" ("id", "message", "post_id") values (66, 'Comment 2/1/2/2', 15);
insert into "comments" ("id", "message", "post_id") values (67, 'Comment 2/1/2/3', 15);
insert into "comments" ("id", "message", "post_id") values (68, 'Comment 2/1/2/4', 15);
insert into "comments" ("id", "message", "post_id") values (69, 'Comment 2/1/2/5', 15);
insert into "comments" ("id", "message", "post_id") values (70, 'Comment 2/1/3/1', 16);
insert into "comments" ("id", "message", "post_id") values (71, 'Comment 2/1/3/2', 16);
insert into "comments" ("id", "message", "post_id") values (72, 'Comment 2/1/3/3', 16);
insert into "comments" ("id", "message", "post_id") values (73, 'Comment 2/1/3/4', 16);
insert into "comments" ("id", "message", "post_id") values (74, 'Comment 2/1/3/5', 16);
insert into "comments" ("id", "message", "post_id") values (75, 'Comment 2/1/3/6', 16);
insert into "comments" ("id", "message", "post_id") values (76, 'Comment 2/1/3/7', 16);
insert into "comments" ("id", "message", "post_id") values (77, 'Comment 2/1/4/1', 17);
insert into "comments" ("id", "message", "post_id") values (78, 'Comment 2/1/4/2', 17);
insert into "comments" ("id", "message", "post_id") values (79, 'Comment 2/1/4/3', 17);
insert into "comments" ("id", "message", "post_id") values (80, 'Comment 2/1/5/1', 18);
insert into "comments" ("id", "message", "post_id") values (81, 'Comment 2/1/5/2', 18);
insert into "comments" ("id", "message", "post_id") values (82, 'Comment 2/1/5/3', 18);
insert into "comments" ("id", "message", "post_id") values (83, 'Comment 2/1/6/1', 19);
insert into "comments" ("id", "message", "post_id") values (84, 'Comment 2/1/6/2', 19);
insert into "comments" ("id", "message", "post_id") values (85, 'Comment 2/1/6/3', 19);
insert into "comments" ("id", "message", "post_id") values (86, 'Comment 2/1/6/4', 19);
insert into "comments" ("id", "message", "post_id") values (87, 'Comment 2/1/6/5', 19);
insert into "comments" ("id", "message", "post_id") values (88, 'Comment 2/1/6/6', 19);
insert into "comments" ("id", "message", "post_id") values (89, 'Comment 2/1/6/7', 19);
insert into "comments" ("id", "message", "post_id") values (90, 'Comment 2/2/1/1', 20);
insert into "comments" ("id", "message", "post_id") values (91, 'Comment 2/2/1/2', 20);
insert into "comments" ("id", "message", "post_id") values (92, 'Comment 2/2/1/3', 20);
insert into "comments" ("id", "message", "post_id") values (93, 'Comment 2/2/1/4', 20);
insert into "comments" ("id", "message", "post_id") values (94, 'Comment 2/2/2/1', 21);
insert into "comments" ("id", "message", "post_id") values (95, 'Comment 2/2/2/2', 21);
insert into "comments" ("id", "message", "post_id") values (96, 'Comment 2/2/2/3', 21);
insert into "comments" ("id", "message", "post_id") values (97, 'Comment 2/2/2/4', 21);
insert into "comments" ("id", "message", "post_id") values (98, 'Comment 2/2/2/5', 21);
insert into "comments" ("id", "message", "post_id") values (99, 'Comment 2/2/3/1', 22);
insert into "comments" ("id", "message", "post_id") values (100, 'Comment 2/2/3/2', 22);
insert into "comments" ("id", "message", "post_id") values (101, 'Comment 2/2/3/3', 22);
insert into "comments" ("id", "message", "post_id") values (102, 'Comment 2/2/3/4', 22);
insert into "comments" ("id", "message", "post_id") values (103, 'Comment 2/2/3/5', 22);
insert into "comments" ("id", "message", "post_id") values (104, 'Comment 2/2/4/1', 23);
insert into "comments" ("id", "message", "post_id") values (105, 'Comment 2/2/4/2', 23);
insert into "comments" ("id", "message", "post_id") values (106, 'Comment 2/2/4/3', 23);
insert into "comments" ("id", "message", "post_id") values (107, 'Comment 2/2/4/4', 23);
insert into "comments" ("id", "message", "post_id") values (108, 'Comment 2/3/1/1', 24);
insert into "comments" ("id", "message", "post_id") values (109, 'Comment 2/3/1/2', 24);
insert into "comments" ("id", "message", "post_id") values (110, 'Comment 2/3/1/3', 24);
insert into "comments" ("id", "message", "post_id") values (111, 'Comment 2/3/1/4', 24);
insert into "comments" ("id", "message", "post_id") values (112, 'Comment 2/3/1/5', 24);
insert into "comments" ("id", "message", "post_id") values (113, 'Comment 2/3/1/6', 24);
insert into "comments" ("id", "message", "post_id") values (114, 'Comment 2/3/1/7', 24);
insert into "comments" ("id", "message", "post_id") values (115, 'Comment 2/3/2/1', 25);
insert into "comments" ("id", "message", "post_id") values (116, 'Comment 2/3/2/2', 25);
insert into "comments" ("id", "message", "post_id") values (117, 'Comment 2/3/2/3', 25);
insert into "comments" ("id", "message", "post_id") values (118, 'Comment 2/3/2/4', 25);
insert into "comments" ("id", "message", "post_id") values (119, 'Comment 2/3/2/5', 25);
insert into "comments" ("id", "message", "post_id") values (120, 'Comment 2/3/2/6', 25);
insert into "comments" ("id", "message", "post_id") values (121, 'Comment 2/3/2/7', 25);
insert into "comments" ("id", "message", "post_id") values (122, 'Comment 2/3/3/1', 26);
insert into "comments" ("id", "message", "post_id") values (123, 'Comment 2/3/3/2', 26);
insert into "comments" ("id", "message", "post_id") values (124, 'Comment 3/1/1/1', 27);
insert into "comments" ("id", "message", "post_id") values (125, 'Comment 3/1/1/2', 27);
insert into "comments" ("id", "message", "post_id") values (126, 'Comment 3/1/1/3', 27);
insert into "comments" ("id", "message", "post_id") values (127, 'Comment 3/1/1/4', 27);
insert into "comments" ("id", "message", "post_id") values (128, 'Comment 3/1/1/5', 27);
insert into "comments" ("id", "message", "post_id") values (129, 'Comment 3/1/1/6', 27);
insert into "comments" ("id", "message", "post_id") values (130, 'Comment 3/1/1/7', 27);
insert into "comments" ("id", "message", "post_id") values (131, 'Comment 3/1/2/1', 28);
insert into "comments" ("id", "message", "post_id") values (132, 'Comment 3/1/2/2', 28);
insert into "comments" ("id", "message", "post_id") values (133, 'Comment 3/1/3/1', 29);
insert into "comments" ("id", "message", "post_id") values (134, 'Comment 3/1/3/2', 29);
insert into "comments" ("id", "message", "post_id") values (135, 'Comment 3/1/3/3', 29);
insert into "comments" ("id", "message", "post_id") values (136, 'Comment 3/1/3/4', 29);
insert into "comments" ("id", "message", "post_id") values (137, 'Comment 3/1/3/5', 29);
insert into "comments" ("id", "message", "post_id") values (138, 'Comment 3/1/3/6', 29);
insert into "comments" ("id", "message", "post_id") values (139, 'Comment 3/1/3/7', 29);
insert into "comments" ("id", "message", "post_id") values (140, 'Comment 3/1/4/1', 30);
insert into "comments" ("id", "message", "post_id") values (141, 'Comment 3/1/4/2', 30);
insert into "comments" ("id", "message", "post_id") values (142, 'Comment 3/1/4/3', 30);
insert into "comments" ("id", "message", "post_id") values (143, 'Comment 3/1/4/4', 30);
insert into "comments" ("id", "message", "post_id") values (144, 'Comment 3/1/4/5', 30);
insert into "comments" ("id", "message", "post_id") values (145, 'Comment 3/1/4/6', 30);
insert into "comments" ("id", "message", "post_id") values (146, 'Comment 3/1/4/7', 30);
insert into "comments" ("id", "message", "post_id") values (147, 'Comment 3/1/5/1', 31);
insert into "comments" ("id", "message", "post_id") values (148, 'Comment 3/1/5/2', 31);
insert into "comments" ("id", "message", "post_id") values (149, 'Comment 3/1/5/3', 31);
insert into "comments" ("id", "message", "post_id") values (150, 'Comment 3/2/1/1', 32);
insert into "comments" ("id", "message", "post_id") values (151, 'Comment 3/2/1/2', 32);
insert into "comments" ("id", "message", "post_id") values (152, 'Comment 3/2/1/3', 32);
insert into "comments" ("id", "message", "post_id") values (153, 'Comment 3/2/1/4', 32);
insert into "comments" ("id", "message", "post_id") values (154, 'Comment 3/2/1/5', 32);
insert into "comments" ("id", "message", "post_id") values (155, 'Comment 3/2/2/1', 33);
insert into "comments" ("id", "message", "post_id") values (156, 'Comment 3/2/2/2', 33);
insert into "comments" ("id", "message", "post_id") values (157, 'Comment 3/2/2/3', 33);
insert into "comments" ("id", "message", "post_id") values (158, 'Comment 3/2/2/4', 33);
insert into "comments" ("id", "message", "post_id") values (159, 'Comment 3/2/2/5', 33);
insert into "comments" ("id", "message", "post_id") values (160, 'Comment 3/2/2/6', 33);
insert into "comments" ("id", "message", "post_id") values (161, 'Comment 3/2/2/7', 33);
insert into "comments" ("id", "message", "post_id") values (162, 'Comment 3/2/3/1', 34);
insert into "comments" ("id", "message", "post_id") values (163, 'Comment 3/2/3/2', 34);
insert into "comments" ("id", "message", "post_id") values (164, 'Comment 3/3/1/1', 35);
insert into "comments" ("id", "message", "post_id") values (165, 'Comment 3/3/1/2', 35);
insert into "comments" ("id", "message", "post_id") values (166, 'Comment 3/3/1/3', 35);
insert into "comments" ("id", "message", "post_id") values (167, 'Comment 3/3/1/4', 35);
insert into "comments" ("id", "message", "post_id") values (168, 'Comment 3/3/1/5', 35);
insert into "comments" ("id", "message", "post_id") values (169, 'Comment 3/3/1/6', 35);
insert into "comments" ("id", "message", "post_id") values (170, 'Comment 3/3/1/7', 35);
insert into "comments" ("id", "message", "post_id") values (171, 'Comment 3/3/2/1', 36);
insert into "comments" ("id", "message", "post_id") values (172, 'Comment 3/3/2/2', 36);
insert into "comments" ("id", "message", "post_id") values (173, 'Comment 3/3/2/3', 36);
insert into "comments" ("id", "message", "post_id") values (174, 'Comment 3/3/2/4', 36);
insert into "comments" ("id", "message", "post_id") values (175, 'Comment 3/3/2/5', 36);
insert into "comments" ("id", "message", "post_id") values (176, 'Comment 3/3/2/6', 36);
insert into "comments" ("id", "message", "post_id") values (177, 'Comment 3/3/2/7', 36);
insert into "comments" ("id", "message", "post_id") values (178, 'Comment 3/3/3/1', 37);
insert into "comments" ("id", "message", "post_id") values (179, 'Comment 3/3/3/2', 37);
insert into "comments" ("id", "message", "post_id") values (180, 'Comment 3/3/4/1', 38);
insert into "comments" ("id", "message", "post_id") values (181, 'Comment 3/3/4/2', 38);
insert into "comments" ("id", "message", "post_id") values (182, 'Comment 3/3/5/1', 39);
insert into "comments" ("id", "message", "post_id") values (183, 'Comment 3/3/5/2', 39);
insert into "comments" ("id", "message", "post_id") values (184, 'Comment 3/3/6/1', 40);
insert into "comments" ("id", "message", "post_id") values (185, 'Comment 3/3/6/2', 40);
insert into "comments" ("id", "message", "post_id") values (186, 'Comment 3/3/6/3', 40);
insert into "comments" ("id", "message", "post_id") values (187, 'Comment 4/1/1/1', 41);
insert into "comments" ("id", "message", "post_id") values (188, 'Comment 4/1/1/2', 41);
insert into "comments" ("id", "message", "post_id") values (189, 'Comment 4/1/2/1', 42);
insert into "comments" ("id", "message", "post_id") values (190, 'Comment 4/1/2/2', 42);
insert into "comments" ("id", "message", "post_id") values (191, 'Comment 4/1/2/3', 42);
insert into "comments" ("id", "message", "post_id") values (192, 'Comment 4/1/2/4', 42);
insert into "comments" ("id", "message", "post_id") values (193, 'Comment 4/1/3/1', 43);
insert into "comments" ("id", "message", "post_id") values (194, 'Comment 4/1/3/2', 43);
insert into "comments" ("id", "message", "post_id") values (195, 'Comment 4/1/3/3', 43);
insert into "comments" ("id", "message", "post_id") values (196, 'Comment 4/1/3/4', 43);
insert into "comments" ("id", "message", "post_id") values (197, 'Comment 4/1/3/5', 43);
insert into "comments" ("id", "message", "post_id") values (198, 'Comment 4/1/3/6', 43);
insert into "comments" ("id", "message", "post_id") values (199, 'Comment 4/2/1/1', 44);
insert into "comments" ("id", "message", "post_id") values (200, 'Comment 4/2/1/2', 44);
insert into "comments" ("id", "message", "post_id") values (201, 'Comment 4/2/1/3', 44);
insert into "comments" ("id", "message", "post_id") values (202, 'Comment 4/2/1/4', 44);
insert into "comments" ("id", "message", "post_id") values (203, 'Comment 4/2/1/5', 44);
insert into "comments" ("id", "message", "post_id") values (204, 'Comment 4/2/2/1', 45);
insert into "comments" ("id", "message", "post_id") values (205, 'Comment 4/2/2/2', 45);
insert into "comments" ("id", "message", "post_id") values (206, 'Comment 4/2/2/3', 45);
insert into "comments" ("id", "message", "post_id") values (207, 'Comment 4/2/2/4', 45);
insert into "comments" ("id", "message", "post_id") values (208, 'Comment 4/2/2/5', 45);
insert into "comments" ("id", "message", "post_id") values (209, 'Comment 4/2/2/6', 45);
insert into "comments" ("id", "message", "post_id") values (210, 'Comment 4/2/3/1', 46);
insert into "comments" ("id", "message", "post_id") values (211, 'Comment 4/2/3/2', 46);
insert into "comments" ("id", "message", "post_id") values (212, 'Comment 4/2/3/3', 46);
insert into "comments" ("id", "message", "post_id") values (213, 'Comment 4/2/3/4', 46);
insert into "comments" ("id", "message", "post_id") values (214, 'Comment 4/2/3/5', 46);
insert into "comments" ("id", "message", "post_id") values (215, 'Comment 4/2/3/6', 46);
insert into "comments" ("id", "message", "post_id") values (216, 'Comment 4/3/1/1', 47);
insert into "comments" ("id", "message", "post_id") values (217, 'Comment 4/3/1/2', 47);
insert into "comments" ("id", "message", "post_id") values (218, 'Comment 4/3/1/3', 47);
insert into "comments" ("id", "message", "post_id") values (219, 'Comment 4/3/2/1', 48);
insert into "comments" ("id", "message", "post_id") values (220, 'Comment 4/3/2/2', 48);
insert into "comments" ("id", "message", "post_id") values (221, 'Comment 4/3/2/3', 48);
insert into "comments" ("id", "message", "post_id") values (222, 'Comment 4/3/2/4', 48);
insert into "comments" ("id", "message", "post_id") values (223, 'Comment 4/3/2/5', 48);
insert into "comments" ("id", "message", "post_id") values (224, 'Comment 4/3/2/6', 48);
insert into "comments" ("id", "message", "post_id") values (225, 'Comment 4/3/2/7', 48);
insert into "comments" ("id", "message", "post_id") values (226, 'Comment 4/3/3/1', 49);
insert into "comments" ("id", "message", "post_id") values (227, 'Comment 4/3/3/2', 49);
insert into "comments" ("id", "message", "post_id") values (228, 'Comment 4/3/4/1', 50);
insert into "comments" ("id", "message", "post_id") values (229, 'Comment 4/3/4/2', 50);
insert into "comments" ("id", "message", "post_id") values (230, 'Comment 5/1/1/1', 51);
insert into "comments" ("id", "message", "post_id") values (231, 'Comment 5/1/1/2', 51);
insert into "comments" ("id", "message", "post_id") values (232, 'Comment 5/1/1/3', 51);
insert into "comments" ("id", "message", "post_id") values (233, 'Comment 5/1/2/1', 52);
insert into "comments" ("id", "message", "post_id") values (234, 'Comment 5/1/2/2', 52);
insert into "comments" ("id", "message", "post_id") values (235, 'Comment 5/1/2/3', 52);
insert into "comments" ("id", "message", "post_id") values (236, 'Comment 5/2/1/1', 53);
insert into "comments" ("id", "message", "post_id") values (237, 'Comment 5/2/1/2', 53);
insert into "comments" ("id", "message", "post_id") values (238, 'Comment 5/2/1/3', 53);
insert into "comments" ("id", "message", "post_id") values (239, 'Comment 5/2/1/4', 53);
insert into "comments" ("id", "message", "post_id") values (240, 'Comment 5/2/1/5', 53);
insert into "comments" ("id", "message", "post_id") values (241, 'Comment 5/2/1/6', 53);
insert into "comments" ("id", "message", "post_id") values (242, 'Comment 5/2/2/1', 54);
insert into "comments" ("id", "message", "post_id") values (243, 'Comment 5/2/2/2', 54);
insert into "comments" ("id", "message", "post_id") values (244, 'Comment 5/2/2/3', 54);
insert into "comments" ("id", "message", "post_id") values (245, 'Comment 5/2/3/1', 55);
insert into "comments" ("id", "message", "post_id") values (246, 'Comment 5/2/3/2', 55);
insert into "comments" ("id", "message", "post_id") values (247, 'Comment 5/2/3/3', 55);
insert into "comments" ("id", "message", "post_id") values (248, 'Comment 5/2/3/4', 55);
insert into "comments" ("id", "message", "post_id") values (249, 'Comment 5/2/3/5', 55);
insert into "comments" ("id", "message", "post_id") values (250, 'Comment 5/2/4/1', 56);
insert into "comments" ("id", "message", "post_id") values (251, 'Comment 5/2/4/2', 56);
insert into "comments" ("id", "message", "post_id") values (252, 'Comment 5/2/4/3', 56);
insert into "comments" ("id", "message", "post_id") values (253, 'Comment 5/2/4/4', 56);
insert into "comments" ("id", "message", "post_id") values (254, 'Comment 5/2/4/5', 56);
insert into "comments" ("id", "message", "post_id") values (255, 'Comment 5/2/4/6', 56);
insert into "comments" ("id", "message", "post_id") values (256, 'Comment 5/2/5/1', 57);
insert into "comments" ("id", "message", "post_id") values (257, 'Comment 5/2/5/2', 57);
insert into "comments" ("id", "message", "post_id") values (258, 'Comment 5/2/5/3', 57);
insert into "comments" ("id", "message", "post_id") values (259, 'Comment 5/2/5/4', 57);
insert into "comments" ("id", "message", "post_id") values (260, 'Comment 5/2/5/5', 57);
insert into "comments" ("id", "message", "post_id") values (261, 'Comment 5/2/5/6', 57);
insert into "comments" ("id", "message", "post_id") values (262, 'Comment 5/2/5/7', 57);
insert into "comments" ("id", "message", "post_id") values (263, 'Comment 5/2/6/1', 58);
insert into "comments" ("id", "message", "post_id") values (264, 'Comment 5/2/6/2', 58);
insert into "comments" ("id", "message", "post_id") values (265, 'Comment 5/2/7/1', 59);
insert into "comments" ("id", "message", "post_id") values (266, 'Comment 5/2/7/2', 59);
insert into "comments" ("id", "message", "post_id") values (267, 'Comment 5/2/7/3', 59);
insert into "comments" ("id", "message", "post_id") values (268, 'Comment 5/2/7/4', 59);
insert into "comments" ("id", "message", "post_id") values (269, 'Comment 5/2/7/5', 59);
insert into "comments" ("id", "message", "post_id") values (270, 'Comment 5/2/7/6', 59);
insert into "comments" ("id", "message", "post_id") values (271, 'Comment 5/3/1/1', 60);
insert into "comments" ("id", "message", "post_id") values (272, 'Comment 5/3/1/2', 60);
insert into "comments" ("id", "message", "post_id") values (273, 'Comment 5/3/1/3', 60);
insert into "comments" ("id", "message", "post_id") values (274, 'Comment 5/3/1/4', 60);
insert into "comments" ("id", "message", "post_id") values (275, 'Comment 5/3/1/5', 60);
insert into "comments" ("id", "message", "post_id") values (276, 'Comment 5/3/1/6', 60);
insert into "comments" ("id", "message", "post_id") values (277, 'Comment 5/3/1/7', 60);
insert into "comments" ("id", "message", "post_id") values (278, 'Comment 5/3/2/1', 61);
insert into "comments" ("id", "message", "post_id") values (279, 'Comment 5/3/2/2', 61);
insert into "comments" ("id", "message", "post_id") values (280, 'Comment 5/3/2/3', 61);
insert into "comments" ("id", "message", "post_id") values (281, 'Comment 5/3/2/4', 61);
insert into "comments" ("id", "message", "post_id") values (282, 'Comment 5/3/3/1', 62);
insert into "comments" ("id", "message", "post_id") values (283, 'Comment 5/3/3/2', 62);
insert into "comments" ("id", "message", "post_id") values (284, 'Comment 5/3/4/1', 63);
insert into "comments" ("id", "message", "post_id") values (285, 'Comment 5/3/4/2', 63);
insert into "comments" ("id", "message", "post_id") values (286, 'Comment 5/3/4/3', 63);
insert into "comments" ("id", "message", "post_id") values (287, 'Comment 5/3/4/4', 63);
insert into "comments" ("id", "message", "post_id") values (288, 'Comment 5/3/4/5', 63);
insert into "comments" ("id", "message", "post_id") values (289, 'Comment 5/3/5/1', 64);
insert into "comments" ("id", "message", "post_id") values (290, 'Comment 5/3/5/2', 64);
insert into "comments" ("id", "message", "post_id") values (291, 'Comment 5/3/5/3', 64);
insert into "comments" ("id", "message", "post_id") values (292, 'Comment 5/3/5/4', 64);
insert into "comments" ("id", "message", "post_id") values (293, 'Comment 5/3/5/5', 64);
insert into "comments" ("id", "message", "post_id") values (294, 'Comment 5/3/6/1', 65);
insert into "comments" ("id", "message", "post_id") values (295, 'Comment 5/3/6/2', 65);
insert into "comments" ("id", "message", "post_id") values (296, 'Comment 5/3/6/3', 65);
insert into "comments" ("id", "message", "post_id") values (297, 'Comment 5/3/6/4', 65);
insert into "comments" ("id", "message", "post_id") values (298, 'Comment 5/3/6/5', 65);
insert into "comments" ("id", "message", "post_id") values (299, 'Comment 5/3/6/6', 65);
insert into "comments" ("id", "message", "post_id") values (300, 'Comment 5/3/7/1', 66);
insert into "comments" ("id", "message", "post_id") values (301, 'Comment 5/3/7/2', 66);
insert into "comments" ("id", "message", "post_id") values (302, 'Comment 5/3/7/3', 66);
insert into "comments" ("id", "message", "post_id") values (303, 'Comment 5/3/7/4', 66);
insert into "comments" ("id", "message", "post_id") values (304, 'Comment 5/3/7/5', 66);
insert into "comments" ("id", "message", "post_id") values (305, 'Comment 5/3/7/6', 66);
insert into "comments" ("id", "message", "post_id") values (306, 'Comment 5/4/1/1', 67);
insert into "comments" ("id", "message", "post_id") values (307, 'Comment 5/4/1/2', 67);
insert into "comments" ("id", "message", "post_id") values (308, 'Comment 5/4/2/1', 68);
insert into "comments" ("id", "message", "post_id") values (309, 'Comment 5/4/2/2', 68);
insert into "comments" ("id", "message", "post_id") values (310, 'Comment 5/4/2/3', 68);
insert into "comments" ("id", "message", "post_id") values (311, 'Comment 5/4/2/4', 68);
insert into "comments" ("id", "message", "post_id") values (312, 'Comment 5/4/2/5', 68);
insert into "comments" ("id", "message", "post_id") values (313, 'Comment 5/4/2/6', 68);
insert into "comments" ("id", "message", "post_id") values (314, 'Comment 5/4/2/7', 68);
insert into "comments" ("id", "message", "post_id") values (315, 'Comment 5/5/1/1', 69);
insert into "comments" ("id", "message", "post_id") values (316, 'Comment 5/5/1/2', 69);
insert into "comments" ("id", "message", "post_id") values (317, 'Comment 5/5/1/3', 69);
insert into "comments" ("id", "message", "post_id") values (318, 'Comment 5/5/1/4', 69);
insert into "comments" ("id", "message", "post_id") values (319, 'Comment 5/5/1/5', 69);
insert into "comments" ("id", "message", "post_id") values (320, 'Comment 5/5/2/1', 70);
insert into "comments" ("id", "message", "post_id") values (321, 'Comment 5/5/2/2', 70);
insert into "comments" ("id", "message", "post_id") values (322, 'Comment 5/5/2/3', 70);
insert into "comments" ("id", "message", "post_id") values (323, 'Comment 5/5/2/4', 70);
insert into "comments" ("id", "message", "post_id") values (324, 'Comment 5/5/3/1', 71);
insert into "comments" ("id", "message", "post_id") values (325, 'Comment 5/5/3/2', 71);
insert into "comments" ("id", "message", "post_id") values (326, 'Comment 5/5/3/3', 71);
insert into "comments" ("id", "message", "post_id") values (327, 'Comment 5/5/3/4', 71);
insert into "comments" ("id", "message", "post_id") values (328, 'Comment 5/5/3/5', 71);
insert into "comments" ("id", "message", "post_id") values (329, 'Comment 5/5/3/6', 71);
insert into "comments" ("id", "message", "post_id") values (330, 'Comment 5/5/3/7', 71);

select distinct "companies"."name"
from "companies"
inner join "projects" on "projects"."company_id" = "companies"."id"
inner join "posts" on "posts"."project_id" = "projects"."id"
inner join "comments" on "comments"."post_id" = "posts"."id"
inner join "addresses" on "addresses"."company_id" = "companies"."id"
where "addresses"."name" = 'Address Foo'
and "comments"."message" = 'Comment 3/3/2/1';
